,Aikaleima,Nimi tai nimimerkki (Huom! Julkaistaan kaikkien nähtäville.),Oletko yksittäinen henkilö vai ryhmä?,1. Suomessa otetaan pandemiasta johtuen valmiuslaki käyttöön vuoden 2021 aikana.,2. Suomessa tapahtuu loka-marraskuun (1.10. - 30.11.2021) aikana alle 10 korona-kuolemaa. (THL:n tunnistamaa),3. SDP saa eniten ääniä vuonna 2021 järjestettävissä kunnallisvaaleissa.,4. Kokoomusta edustava henkilö on Helsingin pormestari 31.12.2021.,5. Vihreiden kannatus on enemmän kuin 10 % vuonna 2021 järjestettävissä kuntavaaleissa.,"6. Keskustan kannatus on yli 10,0% kaikissa loka, marras ja joulukuun (1.10. - 31.12.2021) aikana julkaistuissa TNS Kanterin ja Taloustutkimuksen puoluekannatuskyselyissä.",7. Tokion olympialaiset järjestetään vuonna 2021.,8. Sanna Marin on Suomen pääministeri 31.12.2021.,9. Petteri Orpo on kokoomuksen puheenjohtaja 31.12.2021.,10. Yhdysvaltain presidentin kannatusluku (approval rating) on yli 50 % 1.12.2021. [fivethirtyeight.com:n mukaan tai sen puuttuessa sitä korvaavan sivuston mukaan],"11. Työllisyysaste eli työllisten osuus 15–64-vuotiaista nousee marraskuussa 2021 edeltävän vuoden marraskuun lukemasta (71,8%).",12. Tavaraviennin arvo lokakuussa 2021 nousee vuoden 2020 lokakuuhun nähden (arvioidaan tavaroiden ulkomaankaupan ennakkotilastosta lokakuulta 2020),13. Suomen työpäiväkorjattu bruttokansantuote vuoden 2021 kolmantena neljänneksenä nousee vuoden 2020 kolmanteen neljännekseen verrattuna Tilastokeskuksen mukaan.,14. SPD on Saksan liittopäivävaaleissa toiseksi suurin puolue ääniosuudelta.,15. Olkiluoto-3 liitetään sähköverkkoon vuoden 2021 aikana.,"16. Finnavian tilastojen mukaan Helsinki-Vantaan lentokentällä on elokuussa 2021 enemmän kuin 1 000 000 kansainvälistä matkustajaa (Vuonna 2020 elokuussa kansainvälisiä matkustajia oli Helsinki-Vantaalla 221 790, joka oli 87,9 % vähemmän kuin edeltävänä vuonna)","17. Suomen miesten jalkapallomaajoukkue yltää alkulohkostaan jatkoon EM-kisoissa. (Mikäli kisoja ei pidetä, kysymästä ei arvioida)","18. Aurinkosähkön tuotanto kasvaa OECD-maissa vuoden 2021 syyskuussa edeltävän vuoden syyskuuhun verrattuna enemmän kuin 18,2% (eli kasvua on enemmän kuin 2019 syyskuu - 2020 syyskuu). (lähde: Monthly electricity statistics, IAE tai sen puuttuessa vastaava)",19. Suomi on maailman onnellisin maa 2021 World Happiness Reportin mukaan. ,20. Boris Johnson on Ison-Britannian pääministeri 31.12.2021.,21. Geisha-suklaan nimi muutetaan 31.12.2021 mennessä. ,22. Kamala Harris on Yhdysvaltain presidentti 31.12.2025.,"23. Kiina päättää Hong Kongin erityisaseman (yksi maa, kaksi järjestelmään) ennenaikaisesti ennen 31.12.2024,","24. Suomen henkilöautokannasta yli 10,0 % on täyssähköautoja vuoden 2025 loppuun mennessä.",25. Ensimmäinen laillisesti crispr-tekniikalla geenimuunneltu ihminen syntyy vuoden 2028 loppuun mennessä.,26. Teknologinen työttömyys* (teknologia syrjäyttää enemmän työpaikkoja kuin luo uusia) on yleisesti hyväksytty fakta vuoden 2029 loppuun mennessä.,27.  Yksityinen toimija on lennättänyt avaruusturistin kiertoradalle 31.12.2029 mennessä.,28. Ihmistasoinen (AGI*) keinoäly on kehitetty vuoden 2029 loppuun mennessä.,29.  Ihminen on käynyt Mars-planeetan pinnalla vuoteen 2035 mennessä.,30. EU:n jäsenvaltiot ovat samat 1.1.2021 ja 31.12.2024.
1,2021/01/01 9:04:27 ip. UTC+2,Susikettu,Yksilö,25,10,0,10,10,75,15,97,14,35,80,90,80,75,82,45,75,92,92,90,92,40,30,93,23,95,92,92,82,15
2,2021/01/01 9:06:00 ip. UTC+2,Cosmic Skier,Yksilö,75,25,75,0,100,50,25,75,0,50,75,75,50,50,25,15,50,75,25,25,50,75,75,75,25,50,85,50,75,25
3,2021/01/01 9:11:30 ip. UTC+2,Mustis,Yksilö,10,90,95,20,90,90,95,95,15,85,95,95,95,20,5,85,15,15,70,90,10,10,50,85,10,10,80,89,10,30
4,2021/01/01 9:12:32 ip. UTC+2,RKR,Yksilö,50,10,100,0,50,20,10,100,0,90,30,70,70,74,0,90,75,100,100,20,0,50,0,100,100,100,100,0,90,0
5,2021/01/01 9:15:28 ip. UTC+2,aleksis,Yksilö,8,80,60,80,80,60,50,100,85,70,55,90,60,60,12,75,9,36,88,24,31,17,95,50,68,41,85,15,15,6
6,2021/01/01 9:15:34 ip. UTC+2,Eki Halkka,Yksilö,25,90,66,66,90,80,50,90,40,50,80,80,80,33,80,80,40,50,33,25,50,25,25,50,50,25,75,25,33,80
7,2021/01/01 9:17:02 ip. UTC+2,Mikael Kuisma,Yksilö,80,70,40,30,50,80,80,100,100,80,30,80,90,50,0,20,10,70,30,10,40,30,70,30,100,100,100,20,100,20
8,2021/01/01 9:17:21 ip. UTC+2,Juhapekka Helo,Yksilö,10,95,60,65,80,75,100,100,20,90,90,100,100,50,60,90,5,75,50,30,0,50,10,5,0,20,75,5,5,70
9,2021/01/01 9:18:26 ip. UTC+2,Argonautti,Yksilö,100,25,60,35,0,100,100,100,40,100,70,70,100,95,0,30,55,80,100,45,0,10,0,101,101,101,101,15,15,28
10,2021/01/01 9:20:24 ip. UTC+2,Maria,Yksilö,80,80,10,0,100,100,50,30,20,100,0,40,30,20,15,25,100,40,55,75,70,0,100,80,100,100,0,90,30,0
11,2021/01/01 9:21:17 ip. UTC+2,Kutoja,Yksilö,0,100,70,90,70,20,40,100,20,90,80,90,90,50,20,30,10,90,10,70,40,5,20,40,5,40,90,70,80,80
12,2021/01/01 9:21:17 ip. UTC+2,Tuomo Pekkanen,Yksilö,5,90,90,20,60,80,10,100,30,30,90,90,90,90,10,90,0,90,70,95,40,40,90,10,10,20,20,0,0,80
13,2021/01/01 9:26:10 ip. UTC+2,Mikko,Yksilö,10,90,70,30,0,60,80,80,70,60,90,100,100,10,90,70,0,100,20,60,90,0,100,10,0,90,100,100,100,0
14,2021/01/01 9:26:57 ip. UTC+2,Mara V,Yksilö,0,100,0,0,0,100,100,100,100,100,100,100,100,100,0,0,100,100,NA,0,0,100,0,0,100,100,100,0,100,100
15,2021/01/01 9:28:53 ip. UTC+2,Emmi,Yksilö,20,78,80,90,80,65,70,80,80,80,40,70,65,50,20,90,30,90,80,20,20,90,30,30,10,30,20,60,70,20
16,2021/01/01 9:31:06 ip. UTC+2,Kalle Laukkanen,Yksilö,5,95,30,20,15,5,25,80,5,50,30,30,30,50,95,90,55,50,65,85,90,5,70,90,90,95,95,15,10,2
17,2021/01/01 9:31:15 ip. UTC+2,Katja An,Yksilö,12,50,90,90,75,95,75,90,90,90,80,70,70,80,5,50,50,80,70,70,5,60,40,70,5,80,80,80,80,40
18,2021/01/01 9:31:57 ip. UTC+2,Salla Merikukka,Yksilö,0,95,50,50,75,50,20,90,95,60,95,75,85,50,20,75,5,50,25,80,60,80,95,50,50,50,80,40,50,30
19,2021/01/01 9:32:14 ip. UTC+2,Mika J,Yksilö,70,0,70,20,80,70,60,90,10,60,70,80,70,80,80,50,0,80,70,5,0,10,20,0,0,50,90,80,70,40
20,2021/01/01 9:35:06 ip. UTC+2,Iivari Komsi,Yksilö,5,95,45,80,45,90,90,95,60,75,40,80,75,40,15,60,37,65,25,70,35,35,45,15,30,80,80,20,25,35
21,2021/01/01 9:40:01 ip. UTC+2,Weasley wizard wheezes ,Yksilö,20,90,80,60,90,55,20,100,60,100,90,80,90,70,10,100,0,100,80,70,10,20,20,100,20,90,90,90,20,30
22,2021/01/01 9:43:02 ip. UTC+2,Visa Pitkänen,Yksilö,25,80,80,70,40,25,90,90,80,80,80,90,95,50,75,40,5,50,50,80,50,5,80,20,10,5,80,80,10,75
23,2021/01/01 9:43:55 ip. UTC+2,jvornanen,Yksilö,0,100,40,30,100,100,100,100,90,70,100,100,80,70,20,10,10,80,70,100,0,20,0,60,10,20,100,90,40,80
24,2021/01/01 10:01:13 ip. UTC+2,Timo K,Yksilö,1,1,99,90,10,0,100,100,1,80,1,99,99,1,1,99,1,99,1,99,1,1,99,1,1,1,99,1,1,1
25,2021/01/01 10:03:14 ip. UTC+2,Mama Llama,Yksilö,0,100,0,75,100,0,100,100,100,100,0,100,100,50,100,0,100,100,0,0,0,75,100,100,15,100,100,0,15,0
26,2021/01/01 10:03:49 ip. UTC+2,Tommi Himberg,Yksilö,10,90,60,10,90,60,80,95,80,60,90,90,90,70,50,90,50,100,95,60,30,40,80,90,20,60,80,10,70,90
27,2021/01/01 10:06:25 ip. UTC+2,Hup,Yksilö,0,100,100,100,0,100,100,100,12,100,100,100,100,100,0,21,12,100,0,12,0,12,100,36,42,100,100,100,12,100
28,2021/01/01 10:06:37 ip. UTC+2,thfrcsstrng,Yksilö,87,3,75,15,90,74,20,90,65,25,73,80,60,82,39,15,7,85,87,55,23,20,78,80,56,60,85,89,78,12
29,2021/01/01 10:08:25 ip. UTC+2,SatuSusa,Yksilö,67,2,3,88,20,2,16,78,12,13,89,100,34,76,0,88,4,99,79,32,99,20,3,7,2,97,69,1,99,1
30,2021/01/01 10:09:00 ip. UTC+2,jussi halla-aho,Yksilö,101,0,0,0,0,0,101,0,0,0,0,0,0,0,0,0,0,0,0,101,101,88,101,0,0,88,88,40,40,0
31,2021/01/01 10:17:15 ip. UTC+2,Täältätullaan2021,Yksilö,10,90,60,40,70,50,60,96,80,70,40,80,80,50,60,30,40,80,90,20,20,90,70,70,20,60,80,70,20,30
32,2021/01/01 10:19:12 ip. UTC+2,Heicki K,Yksilö,0,90,20,85,90,85,95,90,46,75,82,85,67,82,15,97,30,36,80,89,10,24,5,25,50,80,100,60,20,30
33,2021/01/01 10:20:33 ip. UTC+2,wouinen,Yksilö,30,30,60,45,70,60,40,70,60,75,60,70,70,55,30,20,15,60,60,70,30,20,40,30,20,30,60,60,60,60
34,2021/01/01 10:21:08 ip. UTC+2,Köyhä insinööri,Yksilö,75,80,40,33,60,100,65,75,50,80,25,90,100,40,20,65,25,60,60,30,15,50,100,80,10,65,100,5,80,100
35,2021/01/01 10:26:42 ip. UTC+2,Tony Berg,Yksilö,0,95,75,60,25,67,10,100,35,55,20,70,25,30,75,88,50,40,30,80,5,80,99,75,15,100,98,2,5,30
36,2021/01/01 10:27:33 ip. UTC+2,Hjuntunen,Yksilö,0,100,30,50,80,100,100,100,50,100,100,100,100,100,100,20,60,20,80,100,20,20,80,30,0,100,100,30,10,80
37,2021/01/01 10:30:44 ip. UTC+2,krouvinen,Yksilö,5,90,75,30,90,75,95,99,20,90,80,80,80,50,70,30,50,85,85,95,40,55,15,80,20,80,75,3,5,95
38,2021/01/01 10:33:40 ip. UTC+2,Keppiesa,Yksilö,30,25,55,65,30,75,95,80,50,40,75,85,80,80,30,35,25,40,55,60,10,15,70,30,35,60,98,50,5,75
39,2021/01/01 10:42:15 ip. UTC+2,pekka,Yksilö,35,80,80,40,80,60,20,85,10,60,90,90,90,60,40,90,25,60,80,90,40,40,80,20,60,100,100,20,50,0
40,2021/01/01 10:44:17 ip. UTC+2,Tommi,Yksilö,10,5,40,75,5,30,95,85,30,45,90,80,90,75,35,NA,30,80,NA,40,65,40,30,40,0,30,95,5,25,20
41,2021/01/01 10:46:53 ip. UTC+2,Jarzan,Yksilö,40,80,55,65,53,35,85,90,95,45,88,75,95,45,75,55,35,55,60,55,35,35,15,55,40,70,80,15,20,65
42,2021/01/01 10:48:54 ip. UTC+2,Kontradiktio,Yksilö,40,100,0,0,0,0,0,0,50,100,50,50,50,0,0,40,70,30,20,0,40,0,100,0,0,0,0,0,0,0
43,2021/01/01 10:50:27 ip. UTC+2,Watska,Yksilö,80,100,75,70,90,90,70,80,90,70,90,80,90,70,30,20,30,80,85,20,25,20,70,20,20,90,90,20,90,100
44,2021/01/01 10:50:57 ip. UTC+2,jopjop,Yksilö,0,100,100,0,100,0,100,100,0,0,0,100,100,100,0,0,0,100,0,0,0,0,0,0,100,100,100,100,0,100
45,2021/01/01 10:53:51 ip. UTC+2,Lilo,Yksilö,15,65,40,33,95,90,80,90,25,75,65,80,80,75,10,37,50,15,75,65,10,NA,NA,NA,NA,NA,NA,NA,NA,NA
46,2021/01/01 10:55:27 ip. UTC+2,SeppoS,Yksilö,10,25,30,15,60,60,80,80,40,40,70,80,80,50,80,30,10,50,50,90,70,20,50,30,5,30,80,20,30,5
47,2021/01/01 10:58:47 ip. UTC+2,Sketo,Yksilö,10,20,85,75,65,70,80,90,40,70,25,70,80,80,45,10,10,35,40,65,90,15,35,35,20,75,80,25,55,25
48,2021/01/01 10:59:23 ip. UTC+2,Lauves,Yksilö,20,80,55,60,55,33,60,95,20,20,20,15,65,20,10,60,15,80,20,70,20,60,80,40,5,10,100,30,15,25
49,2021/01/01 11:08:10 ip. UTC+2,Hannu Sipilä,Yksilö,10,90,30,NA,90,90,90,95,30,30,85,90,90,20,20,40,0,90,80,90,5,20,10,10,20,40,90,30,90,95
50,2021/01/01 11:18:35 ip. UTC+2,Vellu,Yksilö,10,20,30,40,20,80,70,80,30,80,90,90,90,40,20,90,30,90,80,30,40,30,80,20,80,20,100,10,100,70
51,2021/01/01 11:18:48 ip. UTC+2,Tepisan,Yksilö,10,70,0,90,20,90,100,20,20,20,80,100,100,100,20,70,10,90,30,20,10,80,80,10,10,95,95,10,10,10
52,2021/01/01 11:23:16 ip. UTC+2,Joni V,Yksilö,0,100,0,0,0,100,100,0,0,100,100,100,0,0,100,100,0,100,0,0,0,0,0,0,100,100,100,100,100,0
53,2021/01/01 11:27:08 ip. UTC+2,Matti Liljaniemi,Yksilö,15,5,45,70,92,88,55,97,78,38,12,95,98,12,15,45,9,25,25,90,10,18,5,30,3,5,98,1,70,65
54,2021/01/01 11:34:04 ip. UTC+2,Ville Pellinen,Yksilö,30,60,70,50,75,60,90,75,35,60,70,70,70,50,50,35,25,70,65,60,25,25,35,40,60,50,80,5,10,60
55,2021/01/01 11:36:12 ip. UTC+2,Ruotulan Dynamo,Yksilö,0,80,84,40,48,68,84,100,84,88,84,100,100,4,48,68,20,100,100,100,4,84,8,8,100,100,100,0,0,0
56,2021/01/01 11:42:42 ip. UTC+2,Konsta Erola,Yksilö,10,70,70,40,60,60,40,70,10,70,70,70,70,70,0,60,10,90,80,80,70,70,70,90,90,90,90,90,90,90
57,2021/01/01 11:46:47 ip. UTC+2,Eevastiina,Yksilö,30,30,100,80,100,100,0,100,0,100,100,100,100,50,0,100,0,100,50,0,100,0,100,100,0,0,100,0,100,0
58,2021/01/01 11:47:21 ip. UTC+2,Haapo,Yksilö,0,100,100,0,100,100,100,100,0,100,0,0,0,100,0,100,0,100,0,0,0,100,100,0,100,100,100,0,100,0
59,2021/01/01 11:53:52 ip. UTC+2,SamiS,Yksilö,50,30,20,70,70,50,60,40,10,40,30,50,60,50,60,20,30,80,30,30,30,30,80,70,10,10,90,60,80,10
60,2021/01/01 11:54:43 ip. UTC+2,Antti Kettunen,Yksilö,0,30,80,60,60,50,100,100,30,100,70,50,40,80,100,20,40,70,100,40,30,0,50,60,70,40,100,100,100,0
61,2021/01/01 11:58:00 ip. UTC+2,Andek,Yksilö,40,80,65,60,78,75,65,80,60,NA,70,80,80,60,50,55,38,60,58,68,20,30,55,30,40,85,85,10,35,50
62,2021/01/02 12:04:47 ap. UTC+2,McPolo,Yksilö,0,90,100,70,50,50,40,100,80,100,50,30,70,50,60,40,30,70,70,50,60,70,50,40,30,70,70,80,80,40
63,2021/01/02 12:08:35 ap. UTC+2,Apoleon,Yksilö,15,95,5,80,80,70,90,90,90,20,22,15,30,20,5,75,5,80,10,30,15,5,9,5,10,10,90,1,20,5
64,2021/01/02 12:13:59 ap. UTC+2,Olen yksittäinen ryhmä,Yksilö,0,90,25,35,50,40,50,100,100,80,80,50,NA,50,30,20,60,70,80,40,0,80,100,80,20,100,100,75,90,0
65,2021/01/02 12:41:10 ap. UTC+2,vilppu,Yksilö,100,0,50,100,80,75,0,100,0,25,20,100,100,30,0,0,0,50,90,100,60,0,90,75,0,60,100,80,80,75
66,2021/01/02 12:50:36 ap. UTC+2,Tpatana,Yksilö,21,85,32,92,18,83,68,88,13,74,92,85,91,31,66,86,22,79,92,80,7,85,90,12,34,77,85,11,20,31
67,2021/01/02 1:18:10 ap. UTC+2,Lame Rabbit,Yksilö,10,90,80,50,80,30,30,90,90,20,30,30,50,70,40,65,30,20,70,50,80,60,20,80,80,70,90,40,20,60
68,2021/01/02 1:19:34 ap. UTC+2,Hikkanen,Yksilö,30,55,60,40,60,55,75,75,45,60,35,50,60,50,30,40,65,65,60,50,30,30,60,40,30,60,75,45,70,40
69,2021/01/02 1:34:22 ap. UTC+2,Otto Bruun,Yksilö,35,55,60,45,70,86,62,100,28,77,50,29,74,40,65,39,26,60,63,87,53,15,19,55,10,45,55,25,15,80
70,2021/01/02 1:55:02 ap. UTC+2,Tero Ko,Yksilö,0,0,0,50,70,50,40,100,60,50,70,70,50,50,30,40,30,60,50,50,0,50,70,40,50,30,60,40,50,40
71,2021/01/02 1:59:03 ap. UTC+2,Juha Isotalo,Yksilö,20,10,70,15,80,100,50,100,100,30,10,50,50,40,0,50,50,100,100,100,30,0,0,0,0,70,100,0,0,0
72,2021/01/02 1:59:41 ap. UTC+2,Brukkanen,Ryhmä,25,80,61,65,61,70,72,99,37,65,55,57,67,47,47,36,47,70,60,52,51,28,45,50,20,55,70,38,55,100
73,2021/01/02 2:05:30 ap. UTC+2,Yön Leipä,Yksilö,40,43,50,44,72,81,77,70,55,73,75,78,78,42,50,66,58,67,66,60,35,55,35,67,35,57,58,52,44,84
74,2021/01/02 2:07:05 ap. UTC+2,SaraH,Yksilö,100,100,100,0,100,0,0,100,0,100,100,100,100,100,0,0,100,100,0,100,100,100,100,100,0,0,100,100,100,0
75,2021/01/02 2:25:04 ap. UTC+2,Pertsikka,Yksilö,12,70,70,40,60,70,80,90,60,70,70,70,80,60,60,40,2,30,40,60,10,50,30,10,30,30,90,2,10,30
76,2021/01/02 6:31:45 ap. UTC+2,Qwerry,Yksilö,10,0,60,60,70,90,95,85,25,75,50,60,60,45,75,35,0,80,95,80,25,50,75,5,30,36,80,68,55,0
77,2021/01/02 6:46:15 ap. UTC+2,Covid21,Yksilö,10,90,10,70,25,20,30,80,60,33,75,60,80,40,60,30,15,75,70,75,30,20,35,80,75,30,80,20,75,75
78,2021/01/02 7:36:30 ap. UTC+2,TmK,Yksilö,10,100,100,0,80,80,0,100,0,80,80,80,80,40,30,10,30,80,80,0,0,0,60,50,0,50,100,20,80,0
79,2021/01/02 8:23:28 ap. UTC+2,ViGe,Yksilö,25,75,30,70,60,40,20,80,35,30,75,35,60,50,40,30,50,60,60,50,75,20,75,50,20,10,75,20,75,75
80,2021/01/02 8:38:07 ap. UTC+2,Vantaan Nostradamus,Yksilö,45,25,90,10,55,25,33,95,85,85,55,55,66,55,15,20,20,55,55,85,5,66,90,55,33,95,95,95,80,5
81,2021/01/02 8:57:39 ap. UTC+2,MO ,Yksilö,99,0,25,99,99,0,0,100,0,50,0,100,100,25,75,15,0,0,0,100,100,0,0,100,0,0,100,0,0,100
82,2021/01/02 9:11:16 ap. UTC+2,Jaamas,Yksilö,20,50,90,40,50,90,20,90,10,90,20,40,60,90,0,50,80,50,70,10,10,100,10,90,20,90,90,50,50,0
83,2021/01/02 9:11:53 ap. UTC+2,Masivaari,Yksilö,30,30,60,40,40,60,30,70,70,70,80,60,80,70,70,50,40,80,40,80,30,30,80,30,30,60,60,10,20,70
84,2021/01/02 9:20:32 ap. UTC+2,Jani Saranpää,Yksilö,5,80,90,20,50,30,100,100,80,90,100,100,100,80,70,100,70,80,100,30,100,20,80,0,0,80,80,30,100,0
85,2021/01/02 9:24:26 ap. UTC+2,Lu-Mi,Ryhmä,30,80,55,0,100,100,10,90,0,100,100,80,100,20,60,3,0,90,100,100,20,3,3,3,10,20,30,60,3,3
86,2021/01/02 10:08:08 ap. UTC+2,TapTen,Yksilö,0,25,40,25,70,80,100,100,30,35,60,80,100,50,100,30,0,30,50,50,0,10,50,20,30,10,100,0,0,100
87,2021/01/02 10:08:26 ap. UTC+2,tomistro,Yksilö,80,60,60,30,60,60,50,90,20,80,60,50,60,80,10,50,10,80,70,10,30,20,40,40,50,60,20,10,30,20
88,2021/01/02 10:54:16 ap. UTC+2,Anne&Kauko,Ryhmä,15,90,75,75,60,20,10,90,15,60,70,70,70,40,80,30,10,80,100,90,25,25,10,10,15,10,100,5,90,20
89,2021/01/02 10:54:39 ap. UTC+2,exxercisesinfutility,Yksilö,0,100,0,100,100,0,100,0,0,0,100,100,100,0,0,0,0,100,0,0,100,0,100,100,100,0,100,100,100,0
90,2021/01/02 10:58:21 ap. UTC+2,V,Yksilö,0,60,50,20,90,10,0,100,20,80,0,79,30,100,0,0,0,100,80,0,10,80,100,100,0,100,100,100,0,0
91,2021/01/02 11:23:46 ap. UTC+2,Hannu L,Yksilö,3,95,100,5,10,0,100,100,0,50,30,30,30,45,50,100,0,78,45,0,100,45,67,23,45,50,23,5,23,90
92,2021/01/02 11:25:46 ap. UTC+2,Simo Tuppurainen,Yksilö,30,99,50,80,80,90,99,90,10,99,50,99,99,50,50,20,15,80,50,75,10,30,20,80,50,20,70,25,5,90
93,2021/01/02 11:30:39 ap. UTC+2,Jeo,Yksilö,40,90,20,80,89,20,75,80,80,80,80,70,75,70,80,55,0,20,80,20,55,30,88,88,0,40,100,60,100,95
94,2021/01/02 11:34:34 ap. UTC+2,Mikko S,Yksilö,10,100,75,65,35,85,50,60,35,100,100,70,100,35,20,50,35,80,90,85,50,20,65,100,100,0,100,10,60,35
95,2021/01/02 12:41:42 ip. UTC+2,Beca,Yksilö,60,30,40,60,70,50,20,70,0,40,20,20,20,60,40,40,0,60,50,0,0,0,30,80,0,100,90,0,0,0
96,2021/01/02 12:57:40 ip. UTC+2,Simo,Yksilö,29,78,69,44,39,87,100,100,67,33,77,88,67,22,65,70,9,10,33,87,62,33,NA,89,5,89,89,89,99,10
97,2021/01/02 12:58:52 ip. UTC+2,asseri,Yksilö,0,0,70,20,80,60,100,100,70,90,80,70,90,90,70,0,30,100,100,20,70,100,100,100,0,0,100,0,0,100
98,2021/01/02 1:37:54 ip. UTC+2,MariH,Yksilö,100,40,50,55,70,30,10,90,80,45,88,80,45,50,1,20,8,90,65,70,5,55,35,40,1,62,100,10,5,0
99,2021/01/02 1:51:47 ip. UTC+2,Mikko-Pekka,Yksilö,10,10,70,100,50,30,100,100,30,50,30,40,90,50,10,50,30,20,20,60,70,40,50,100,10,20,60,20,10,10
100,2021/01/02 2:26:05 ip. UTC+2,Tarmo,Yksilö,25,70,40,40,15,70,40,80,70,50,90,85,90,15,40,25,25,10,75,85,40,30,60,5,10,25,85,20,25,75
101,2021/01/02 2:35:37 ip. UTC+2,Jaakko Puotilasta,Yksilö,0,0,30,100,25,100,50,100,80,45,80,100,100,0,30,80,0,100,0,100,0,100,100,100,0,100,100,100,0,0
102,2021/01/02 2:35:55 ip. UTC+2,Sith deal in absolutes,Yksilö,0,0,0,100,100,100,100,100,0,100,100,100,100,0,0,0,0,0,0,0,0,0,100,0,100,0,100,0,100,0
103,2021/01/02 2:48:20 ip. UTC+2,Nix,Yksilö,25,75,60,60,40,30,30,90,85,40,70,70,70,40,10,70,50,60,70,70,35,35,55,10,3,50,85,1,20,90
104,2021/01/02 2:53:18 ip. UTC+2,random.org,Yksilö,87,86,100,28,15,35,21,4,30,87,3,80,51,43,65,77,26,66,43,93,43,24,49,83,21,51,28,92,84,92
105,2021/01/02 3:03:26 ip. UTC+2,Aapeli,Yksilö,0,100,60,30,60,NA,NA,80,100,40,60,60,60,80,40,80,20,20,80,80,80,20,40,20,80,40,80,20,20,40
106,2021/01/02 3:32:52 ip. UTC+2,Taaki6,Yksilö,0,100,0,100,100,100,90,100,15,100,100,100,80,50,100,100,50,90,0,80,80,25,100,80,20,50,100,100,30,30
107,2021/01/02 4:02:46 ip. UTC+2,Sirkka Andersén,Yksilö,13,82,75,70,65,80,65,80,65,80,70,82,NA,55,5,45,15,95,65,67,99,20,15,90,45,45,55,5,65,50
108,2021/01/02 4:08:09 ip. UTC+2,PRA,Yksilö,0,0,30,90,20,80,90,100,50,30,0,20,20,50,80,40,10,80,90,90,50,20,100,30,0,70,100,0,50,10
109,2021/01/02 4:14:06 ip. UTC+2,Paloheinän Oraakkelit,Ryhmä,35,75,60,75,20,90,85,70,15,80,100,40,70,80,70,5,15,80,15,85,65,20,15,0,90,10,90,10,90,0
110,2021/01/02 4:29:47 ip. UTC+2,Harri S,Yksilö,7,92,50,8,50,85,98,90,88,30,72,85,85,73,22,30,0,25,77,90,12,50,35,40,30,50,75,30,25,70
111,2021/01/02 5:02:16 ip. UTC+2,Salkku,Yksilö,0,95,96,1,70,96,0,70,99,1,20,95,11,99,0,100,85,93,99,1,100,15,99,5,70,80,98,7,81,0
112,2021/01/02 5:24:29 ip. UTC+2,Santerii,Yksilö,65,30,70,66,70,55,80,85,65,65,70,75,75,34,75,65,23,75,40,66,40,30,100,1,20,30,90,20,40,67
113,2021/01/02 5:31:06 ip. UTC+2,Johan Wahlsten,Yksilö,25,20,70,70,70,50,100,100,60,0,30,75,75,50,65,75,30,75,65,50,50,50,65,60,0,30,60,0,55,100
114,2021/01/02 6:00:50 ip. UTC+2,SeSaHe,Yksilö,0,10,0,50,30,100,80,90,100,25,35,70,50,40,10,40,25,50,20,50,30,50,80,10,20,50,70,0,25,20
115,2021/01/02 6:18:51 ip. UTC+2,Maikki,Yksilö,70,80,87,70,70,80,30,89,86,45,67,65,56,67,20,45,32,43,89,56,70,45,76,78,25,43,90,67,5,10
116,2021/01/02 7:11:07 ip. UTC+2,Ainokainen,Yksilö,0,20,40,70,25,25,80,100,60,80,25,50,50,50,0,0,25,80,80,70,80,70,80,25,90,70,100,50,70,0
117,2021/01/02 7:23:09 ip. UTC+2,jjh,Yksilö,10,80,60,60,80,60,90,90,70,50,70,70,70,50,40,30,50,50,80,50,20,20,30,5,10,10,70,5,20,70
118,2021/01/02 7:24:10 ip. UTC+2,Temppeliaukio,Yksilö,75,57,12,88,40,87,0,2,3,23,55,55,34,78,0,69,5,22,0,0,0,76,100,45,0,100,100,0,0,0
119,2021/01/02 7:53:56 ip. UTC+2,ruubio,Yksilö,0,0,0,100,100,100,0,100,0,0,0,100,0,0,0,0,0,100,100,0,0,0,0,100,0,100,0,0,0,0
120,2021/01/02 8:14:09 ip. UTC+2,Pajuki,Yksilö,30,95,95,100,10,15,80,100,50,90,90,90,100,60,80,100,10,60,100,60,30,20,0,90,0,20,95,60,100,0
121,2021/01/02 8:16:05 ip. UTC+2,vs,Yksilö,5,50,30,100,10,50,100,100,50,50,20,30,50,50,50,30,0,80,10,100,0,0,50,30,0,40,100,30,100,0
122,2021/01/02 8:36:57 ip. UTC+2,StatisticalMouse,Yksilö,30,70,50,50,50,50,30,50,50,30,50,50,50,50,30,50,50,70,50,50,50,50,60,30,40,70,100,70,100,70
123,2021/01/02 9:36:53 ip. UTC+2,Johe Korppari,Yksilö,0,100,100,30,80,100,30,100,50,100,100,100,100,50,100,0,0,100,80,100,0,10,0,10,60,100,100,100,30,30
124,2021/01/02 10:04:07 ip. UTC+2,Pilgrimo,Yksilö,85,60,75,30,80,25,10,85,50,85,50,60,40,50,50,25,10,60,70,12,15,60,50,40,20,15,85,5,12,80
125,2021/01/02 10:06:30 ip. UTC+2,Creative,Yksilö,10,90,33,100,70,80,95,99,40,80,50,85,80,50,30,90,60,80,20,75,90,10,50,35,75,50,30,10,40,80
126,2021/01/02 10:19:10 ip. UTC+2,Rauni,Yksilö,40,65,55,80,60,85,25,95,35,25,75,65,50,75,25,5,40,75,90,80,75,60,65,30,5,75,75,30,75,30
127,2021/01/02 10:40:01 ip. UTC+2,Jarmo2,Yksilö,20,90,70,50,90,20,15,90,40,70,90,90,90,NA,20,20,10,100,70,90,5,70,30,100,100,30,100,5,30,80
128,2021/01/02 11:21:13 ip. UTC+2,Tuntemattomaksi jäänyt henkilö,Yksilö,0,100,100,100,100,100,100,100,0,100,100,100,100,0,0,0,0,100,100,0,100,0,100,0,0,0,100,100,0,100
129,2021/01/03 12:02:39 ap. UTC+2,Niilo,Yksilö,10,70,40,70,60,90,90,80,70,70,60,40,30,60,30,90,20,30,10,60,30,30,70,90,20,10,80,0,30,90
130,2021/01/03 12:36:57 ap. UTC+2,Tero Torppa,Yksilö,0,100,70,50,60,100,100,100,0,100,0,0,0,50,100,70,30,100,100,70,70,60,100,100,100,0,100,50,100,100
131,2021/01/03 4:33:38 ap. UTC+2,Reititin,Yksilö,20,75,80,90,25,90,5,95,95,10,95,75,75,60,10,33,5,15,60,15,95,0,5,0,5,33,33,0,0,75
132,2021/01/03 5:45:39 ap. UTC+2,Rauhaton,Yksilö,65,10,60,40,75,15,70,95,25,45,85,75,70,75,25,15,15,85,80,55,10,10,80,45,5,10,85,1,90,100
133,2021/01/03 5:54:18 ap. UTC+2,Henri Ovaska,Yksilö,4,50,37,15,95,50,80,97,32,50,15,50,50,50,50,85,20,99,60,50,35,15,50,7,25,98,93,22,3,45
134,2021/01/03 9:12:01 ap. UTC+2,Kristian Salo,Yksilö,0,10,35,25,75,70,85,100,33,90,100,100,100,100,38,15,0,100,100,100,0,0,75,40,0,0,100,5,40,90
135,2021/01/03 11:34:14 ap. UTC+2,Pirja,Yksilö,10,100,0,0,100,100,60,100,20,40,40,90,80,90,0,40,20,80,100,20,20,20,80,90,10,30,90,20,70,90
136,2021/01/03 2:14:01 ip. UTC+2,Jussi Vilkas,Yksilö,10,95,60,60,50,80,95,95,90,75,90,90,100,75,0,20,0,50,100,100,5,0,0,0,0,0,100,0,0,90
137,2021/01/03 2:17:36 ip. UTC+2,sami00sami,Yksilö,33,42,68,16,55,60,78,89,38,88,45,70,70,85,35,25,59,89,66,78,24,45,33,65,10,88,67,1,71,45
138,2021/01/03 3:46:42 ip. UTC+2,Minna Klapuri,Yksilö,80,30,20,60,40,45,10,70,70,60,80,90,90,50,20,70,70,90,80,20,40,40,70,65,30,80,80,60,70,40
139,2021/01/03 6:29:09 ip. UTC+2,Easyrider,Yksilö,0,80,90,95,30,99,35,90,85,78,80,70,95,50,5,3,25,80,40,95,0,30,45,15,40,5,60,2,10,95
140,2021/01/03 6:52:38 ip. UTC+2,V,Yksilö,80,90,85,75,90,75,90,95,25,90,20,60,80,60,15,80,10,10,90,10,5,95,5,0,10,100,100,0,30,50
141,2021/01/03 8:25:07 ip. UTC+2,Atte Wahlström,Yksilö,0,100,57,22,100,100,100,100,100,85,100,100,100,20,0,23,56,100,100,100,0,100,100,0,0,100,100,0,0,100
142,2021/01/03 8:29:24 ip. UTC+2,Timo A.,Yksilö,0,25,10,79,50,80,25,49,90,80,20,80,80,50,0,30,10,80,90,20,70,60,20,20,0,20,75,90,50,10
143,2021/01/03 9:21:47 ip. UTC+2,vitus maximus,Yksilö,0,100,0,50,90,10,50,90,80,51,8,9,51,20,5,25,51,66,40,25,49,0,10,51,2,51,75,1,51,20
144,2021/01/03 9:29:43 ip. UTC+2,HimbeJembeJombe,Ryhmä,0,100,90,0,100,100,20,100,20,0,0,100,100,75,0,80,0,100,100,100,0,100,70,0,0,100,100,100,100,100
145,2021/01/03 9:59:16 ip. UTC+2,nanna,Yksilö,20,25,80,60,40,70,40,90,20,90,30,20,90,87,15,25,60,8,85,95,0,75,84,75,100,30,75,12,100,20
146,2021/01/03 10:09:27 ip. UTC+2,Itä-Vantaan tietäjä,Yksilö,25,80,60,65,65,45,75,85,40,60,50,60,60,33,70,40,20,80,75,80,50,20,20,10,15,20,80,5,40,75
147,2021/01/03 10:35:43 ip. UTC+2,Kossu,Yksilö,50,80,20,50,80,100,30,100,100,100,20,100,100,80,100,30,100,70,60,20,50,70,20,0,70,100,100,0,100,0
148,2021/01/04 8:30:16 ap. UTC+2,Jouni J Särkijärvi,Yksilö,80,0,90,60,20,80,50,99,90,90,80,80,90,90,10,1,0,50,99,90,99,20,90,80,0,0,100,0,10,100
149,2021/01/04 9:52:38 ap. UTC+2,Astennuz,Yksilö,25,0,100,100,100,25,75,100,75,25,0,75,75,75,100,25,0,100,0,0,100,0,0,0,100,100,100,0,100,100
150,2021/01/04 10:35:52 ap. UTC+2,vvainio,Yksilö,30,60,40,40,60,50,60,90,90,30,60,60,60,50,40,45,50,60,70,80,50,20,60,20,40,50,70,40,30,20
151,2021/01/04 12:28:09 ip. UTC+2,Paltanmäki,Yksilö,25,50,70,45,60,51,66,99,75,65,35,95,80,75,49,90,95,100,97,9,20,NA,NA,NA,NA,NA,NA,NA,NA,NA
152,2021/01/04 1:53:58 ip. UTC+2,Robert H,Yksilö,0,0,0,100,100,100,0,100,100,100,NA,100,100,100,100,0,0,100,100,100,0,0,100,0,100,100,100,0,100,0
153,2021/01/04 5:10:16 ip. UTC+2,T-Roy,Yksilö,0,75,100,90,100,100,20,90,90,20,10,70,70,80,10,85,10,80,70,80,50,25,25,50,50,100,80,90,90,20
154,2021/01/04 6:42:37 ip. UTC+2,Filebacker,Yksilö,50,80,80,80,80,80,50,50,33,80,50,33,33,50,50,20,50,50,80,20,20,10,50,50,20,80,80,10,80,20
155,2021/01/04 6:57:55 ip. UTC+2,Tapani Tuominen,Yksilö,0,100,0,100,100,100,100,100,0,100,100,100,0,100,0,0,0,100,100,100,0,0,100,0,100,100,100,NA,100,0
156,2021/01/04 8:18:14 ip. UTC+2,Sari S,Yksilö,100,100,40,100,10,40,30,1,1,90,90,100,30,90,1,1,1,90,80,90,100,100,1,100,1,90,100,100,1,1
157,2021/01/04 8:27:52 ip. UTC+2,KaroliinaK,Yksilö,0,10,45,90,10,100,0,10,100,90,90,40,60,90,10,78,85,76,90,100,65,100,95,90,NA,90,90,90,90,0
158,2021/01/05 7:08:12 ap. UTC+2,Jarius,Yksilö,0,80,90,80,20,60,100,100,20,80,50,80,80,50,20,80,20,90,50,100,80,80,80,70,80,80,100,50,90,80
159,2021/01/05 10:58:39 ap. UTC+2,pikakhu,Yksilö,0,0,90,50,50,100,75,100,100,100,40,100,100,60,86,100,1,79,50,60,10,0,25,0,25,0,100,0,15,89
160,2021/01/05 11:11:34 ap. UTC+2,Pekka Sairanen,Yksilö,0,100,85,19,80,80,80,80,25,80,80,80,80,60,80,15,5,100,73,28,100,80,80,80,80,80,80,80,100,20
161,2021/01/05 2:42:01 ip. UTC+2,Täti Heleena,Yksilö,10,70,30,90,80,80,80,40,30,75,80,75,80,20,20,80,10,25,89,20,90,10,89,26,10,70,20,70,15,5
162,2021/01/05 3:56:52 ip. UTC+2,Antti Kai,Yksilö,20,60,75,20,85,70,45,85,70,30,30,25,45,45,45,30,35,45,60,75,45,20,35,20,85,85,95,25,15,35
163,2021/01/05 5:30:21 ip. UTC+2,Super-Hessu,Yksilö,20,70,15,75,60,40,25,80,85,75,60,60,65,20,10,50,15,90,30,20,20,10,40,20,10,20,20,20,30,30
164,2021/01/05 5:46:16 ip. UTC+2,JJ2021,Ryhmä,0,20,0,0,100,100,20,100,0,20,0,100,100,0,0,0,0,100,100,100,0,100,0,100,0,0,100,0,0,100
165,2021/01/05 8:02:26 ip. UTC+2,TommiS,Yksilö,20,80,40,10,70,30,70,90,20,40,20,70,60,80,15,30,10,90,70,70,10,30,30,40,5,80,100,20,35,90
166,2021/01/05 8:16:30 ip. UTC+2,Paavo Rossi,Yksilö,2,90,60,55,50,90,51,95,75,85,78,90,85,15,90,75,33,15,NA,80,NA,18,10,15,NA,NA,NA,NA,45,80
167,2021/01/05 8:38:37 ip. UTC+2,Laiska,Yksilö,75,0,0,100,100,100,20,100,0,0,55,0,100,38,80,0,70,80,90,90,20,80,0,70,20,0,100,0,80,0
168,2021/01/05 8:49:39 ip. UTC+2,Guru Meditator,Yksilö,60,50,49,60,65,60,30,70,40,20,50,55,55,40,70,20,50,70,70,70,30,25,33,80,50,50,90,25,35,70
169,2021/01/05 9:13:57 ip. UTC+2,Jonas Berg,Yksilö,75,25,70,55,70,70,60,75,75,70,40,60,65,65,40,70,65,40,55,65,35,70,60,65,60,70,80,35,70,65
170,2021/01/05 9:57:49 ip. UTC+2,MikkoKalleAntero,Yksilö,0,0,0,25,100,100,50,100,50,100,0,0,0,0,0,25,25,100,100,75,0,75,25,25,0,75,75,75,75,75
171,2021/01/05 10:20:53 ip. UTC+2,juliak,Yksilö,8,35,47,40,85,22,90,71,43,70,56,62,79,50,20,24,14,36,47,58,33,7,5,45,68,68,78,21,74,23
172,2021/01/05 10:21:28 ip. UTC+2,Karasjaa,Yksilö,0,100,0,100,100,0,100,100,100,0,0,100,0,0,100,0,0,0,100,100,0,0,0,0,0,0,100,0,100,100
173,2021/01/05 10:37:26 ip. UTC+2,Mikael Sokero,Yksilö,55,32,60,55,35,70,70,90,60,70,40,65,60,35,20,5,10,67,45,45,65,25,70,50,50,30,75,75,45,30
174,2021/01/05 11:06:33 ip. UTC+2,Eba,Yksilö,40,70,40,80,85,85,25,100,65,40,60,60,65,50,30,30,45,80,70,70,20,30,70,30,60,60,70,30,20,40
175,2021/01/05 11:10:48 ip. UTC+2,Tuicceli,Yksilö,18,14,78,40,85,87,40,90,65,20,85,85,92,42,25,20,10,92,72,55,28,20,25,18,38,56,86,1,5,42
176,2021/01/05 11:11:00 ip. UTC+2,Petteri Riskinkaihtaja,Yksilö,7,19,74,28,96,84,65,90,32,16,88,91,97,56,82,28,12,74,78,86,82,25,20,8,64,48,98,6,4,34
177,2021/01/05 11:18:29 ip. UTC+2,Petteri Rohkea,Yksilö,2,8,97,8,100,98,90,98,18,6,96,98,100,56,85,14,4,88,84,94,98,22,12,0,80,50,98,1,0,20
178,2021/01/05 11:25:36 ip. UTC+2,Sydenkoulu Sensemaking,Ryhmä,16,49,66,27,85,49,64,79,58,47,41,41,60,47,34,27,22,40,54,65,38,14,22,28,78,79,88,24,35,30
179,2021/01/05 11:34:27 ip. UTC+2,KPST,Ryhmä,0,0,100,0,100,100,0,100,100,0,0,0,0,0,0,0,0,100,100,100,0,50,0,100,50,33,100,33,0,100
180,2021/01/05 11:38:20 ip. UTC+2,Sydenkoulu Sensemaking,Ryhmä,16,49,66,27,85,49,64,79,58,47,41,41,60,47,34,27,22,40,54,65,38,14,22,28,78,79,88,24,35,30
181,2021/01/05 11:53:17 ip. UTC+2,pmk,Yksilö,95,70,80,60,40,50,20,95,60,60,95,90,80,30,5,90,20,60,40,90,0.01,25,15,10,30,5,60,5,10,60
182,2021/01/06 12:52:38 ap. UTC+2,Ape,Yksilö,19,90,45,60,100,80,30,70,80,69,79,20,79,80,90,100,40,100,100,10,0,20,90,15,30,100,100,100,80,70
183,2021/01/06 3:19:07 ap. UTC+2,Hennis Menace,Yksilö,20,25,65,65,70,20,10,95,8,85,70,72,67,17,7,26,8,83,92,87,89,13,30,15,14,40,86,24,23,87
184,2021/01/06 8:58:19 ap. UTC+2,Kissamummo,Yksilö,100,1,100,0,100,0,0,100,100,100,100,0,50,100,0,0,0,100,0,100,100,0,0,0,0,100,100,0,0,0
185,2021/01/06 9:09:07 ap. UTC+2,Panu Raatikainen,Yksilö,10,80,80,5,60,70,0,90,20,60,70,70,80,60,30,20,70,70,80,30,80,80,40,70,30,80,70,10,0,50
186,2021/01/06 9:10:31 ap. UTC+2,Sissi,Yksilö,0,0,100,100,100,100,100,100,100,100,100,100,100,0,0,100,100,100,100,0,100,100,100,0,0,100,100,0,100,0
187,2021/01/06 9:13:13 ap. UTC+2,Ultraximus,Yksilö,35,90,85,66,70,70,60,90,40,40,75,75,75,35,5,30,25,55,60,90,10,30,30,30,30,5,60,5,10,25
188,2021/01/06 9:22:29 ap. UTC+2,Jani Moliis,Yksilö,25,90,80,60,40,90,95,95,75,30,80,25,80,40,30,90,10,90,60,70,10,10,10,10,90,10,90,70,80,90
189,2021/01/06 9:22:54 ap. UTC+2,Olga,Yksilö,30,60,80,70,70,30,45,70,50,60,75,55,60,45,45,60,60,35,35,55,25,40,65,60,60,30,40,60,55,30
190,2021/01/06 9:37:28 ap. UTC+2,kivahanna ,Yksilö,1,1,95,2,99,0,99,99,99,50,50,99,99,50,1,30,2,99,80,99,99,99,1,99,30,50,50,10,90,90
191,2021/01/06 9:38:38 ap. UTC+2,Maur,Yksilö,20,10,20,20,60,75,20,100,80,40,60,60,70,60,20,30,20,70,80,70,80,30,30,60,40,60,20,40,70,70
192,2021/01/06 9:44:08 ap. UTC+2,Max Power,Yksilö,80,10,20,20,30,20,10,20,30,10,10,70,70,70,80,30,0,100,80,10,0,0,100,80,0,100,100,100,30,0
193,2021/01/06 9:44:43 ap. UTC+2,Mathias Roos,Yksilö,75,80,65,55,70,60,90,70,65,80,70,30,50,75,15,70,5,60,60,65,80,30,20,75,30,75,100,75,65,10
194,2021/01/06 9:46:24 ap. UTC+2,Eero Tuomenoksa,Yksilö,11,7,54,45,34,55,77,88,88,77,88,66,54,45,34,55,66,77,99,66,33,55,87,88,55,77,77,33,66,33
195,2021/01/06 9:55:13 ap. UTC+2,Antti,Yksilö,100,50,100,0,100,100,50,100,50,0,0,100,100,0,50,100,50,100,0,100,0,50,0,50,0,50,100,0,50,100
196,2021/01/06 10:08:20 ap. UTC+2,Iik,Yksilö,30,70,80,20,66,40,77,88,33,77,77,66,88,75,44,22,33,77,25,33,65,65,75,65,35,75,75,15,20,75
197,2021/01/06 10:11:21 ap. UTC+2,Kari Lehikoinen,Yksilö,30,90,25,30,20,10,30,90,50,25,40,70,80,NA,NA,70,10,NA,NA,10,90,80,90,NA,NA,NA,NA,10,30,10
198,2021/01/06 10:26:36 ap. UTC+2,Kikkoman21,Yksilö,0,100,75,50,40,100,20,100,75,0,10,25,25,50,0,0,75,50,0,100,100,0,0,50,100,50,100,50,0,100
199,2021/01/06 10:38:06 ap. UTC+2,MR,Yksilö,75,65,65,70,70,80,90,70,65,60,75,70,50,70,15,60,5,65,60,70,80,40,60,60,70,90,95,80,75,20
200,2021/01/06 10:42:19 ap. UTC+2,H.M.,Yksilö,50,50,30,20,90,100,100,100,20,50,50,80,80,50,50,80,50,50,50,50,50,50,50,90,50,90,90,20,90,20
201,2021/01/06 10:42:52 ap. UTC+2,Jukka Ilmonen ,Yksilö,36,65,50,35,60,70,50,80,80,60,26,30,36,26,30,20,26,50,50,30,40,30,40,46,20,20,50,25,40,20
202,2021/01/06 10:48:18 ap. UTC+2,Antti He. ,Yksilö,20,0,20,90,75,0,90,90,10,10,100,100,100,30,100,0,0,100,0,100,0,0,100,100,0,0,100,0,0,100
203,2021/01/06 10:49:16 ap. UTC+2,TK70,Yksilö,95,70,90,60,5,60,2,50,30,30,70,80,70,40,50,40,80,70,90,30,60,70,70,85,70,80,100,95,90,10
204,2021/01/06 11:17:39 ap. UTC+2,Vilma,Yksilö,10,80,25,NA,75,65,15,95,20,70,88,85,75,60,0,90,55,35,90,90,45,90,20,15,20,90,55,30,40,25
205,2021/01/06 11:19:45 ap. UTC+2,Mkamka,Yksilö,20,100,100,75,100,100,80,100,100,65,10,100,80,60,20,100,0,80,0,40,0,0,0,0,0,70,100,0,0,0
206,2021/01/06 11:25:24 ap. UTC+2,Salamanteri,Yksilö,0,0,50,0,50,50,50,100,50,50,50,50,50,50,50,50,50,50,100,100,50,0,0,0,0,100,100,100,100,50
207,2021/01/06 11:32:11 ap. UTC+2,Maruzella,Yksilö,11,88,75,66,42,72,8,85,15,24,82,68,54,23,37,48,18,78,68,78,32,87,78,68,7,45,77,11,4,2
208,2021/01/06 11:44:15 ap. UTC+2,JP,Yksilö,0,95,25,35,75,90,95,95,75,65,10,65,95,50,1,95,15,80,25,80,5,25,25,80,50,25,95,80,10,65
209,2021/01/06 11:46:44 ap. UTC+2,Anu,Yksilö,40,90,75,70,75,70,65,85,60,85,70,80,75,50,65,65,75,80,80,70,65,75,75,80,50,50,85,45,70,90
210,2021/01/06 11:51:19 ap. UTC+2,Louhi,Yksilö,20,25,15,50,70,80,75,95,80,25,55,50,60,60,20,35,33,50,70,80,5,10,85,10,5,5,40,0,4,50
211,2021/01/06 12:18:43 ip. UTC+2,Oskari S,Yksilö,0,40,80,40,90,90,80,100,70,40,60,75,100,75,50,30,10,80,80,70,0,20,20,50,20,10,80,5,30,10
212,2021/01/06 12:19:06 ip. UTC+2,Sissi,Yksilö,8,15,96,100,75,87,85,100,63,68,42,67,92,88,67,89,3,65,87,89,43,4,68,12,9,2,87,0,0,30
213,2021/01/06 12:27:58 ip. UTC+2,Schmidt,Yksilö,20,20,70,80,80,90,80,90,70,30,70,90,100,20,80,25,20,25,80,80,50,30,70,15,5,10,70,20,20,80
214,2021/01/06 12:33:45 ip. UTC+2,Jakke Mäkelä,Yksilö,2,30,30,90,80,80,5,80,40,85,50,60,60,70,70,30,5,70,80,80,50,60,70,80,5,60,85,5,40,60
215,2021/01/06 12:48:34 ip. UTC+2,Rigi,Yksilö,40,20,50,30,70,75,90,75,10,10,45,55,60,50,0,60,55,40,70,10,10,40,25,0,5,75,100,0,30,90
216,2021/01/06 12:53:50 ip. UTC+2,JST,Yksilö,10,80,40,60,90,95,90,80,50,40,70,95,95,20,70,20,1,50,70,90,20,15,20,10,20,50,100,90,100,30
217,2021/01/06 12:57:14 ip. UTC+2,Esa T,Yksilö,10,90,50,70,30,60,50,30,20,80,30,90,50,65,30,30,30,70,50,20,20,30,90,10,90,90,90,10,20,40
218,2021/01/06 1:08:35 ip. UTC+2,Rima,Yksilö,25,40,0,60,75,70,80,90,40,NA,30,80,50,NA,70,30,40,80,90,80,70,40,70,30,20,25,90,70,30,15
219,2021/01/06 1:10:06 ip. UTC+2,Markoantero,Yksilö,15,60,15,25,60,10,90,90,20,75,30,40,60,70,20,100,15,10,90,70,25,15,80,10,25,60,75,10,20,50
220,2021/01/06 1:26:01 ip. UTC+2,Norton Commander,Yksilö,25,25,25,100,100,69,100,100,0,30,69,100,100,69,65,0,50,69,35,15,75,100,100,100,50,100,100,0,69,0
221,2021/01/06 1:28:12 ip. UTC+2,Johannes D,Yksilö,45,70,60,45,60,55,55,95,80,60,65,70,60,50,80,40,55,70,40,60,55,35,70,10,20,75,95,20,20,40
222,2021/01/06 2:06:34 ip. UTC+2,Purssa-2,Yksilö,20,70,60,50,65,80,58,80,65,0,65,70,70,40,65,30,10,40,70,35,50,20,70,20,10,15,90,50,90,20
223,2021/01/06 2:08:20 ip. UTC+2,MJVii,Yksilö,75,0,0,75,50,75,75,100,75,100,0,75,50,75,0,25,0,100,100,75,50,75,100,0,100,75,100,75,100,0
224,2021/01/06 2:08:48 ip. UTC+2,Daniel Antonio,Yksilö,100,10,75,10,65,70,95,100,30,70,85,95,85,45,0,80,15,75,55,90,10,10,85,45,10,45,85,25,95,50
225,2021/01/06 2:42:12 ip. UTC+2,jlempip,Yksilö,0,0,30,80,100,100,100,100,100,80,80,100,100,100,80,0,0,100,100,100,80,20,20,15,100,0,100,20,80,80
226,2021/01/06 2:54:44 ip. UTC+2,Timo P,Yksilö,5,7,67,70,45,76,87,96,55,88,90,97,93,73,29,36,21,30,37,23,33,13,55,38,33,79,87,22,27,67
227,2021/01/06 2:58:13 ip. UTC+2,Inaibu,Yksilö,45,70,60,45,100,50,40,100,70,90,80,60,60,50,45,60,20,80,70,70,30,60,75,90,80,20,100,100,60,70
228,2021/01/06 2:58:30 ip. UTC+2,Paula S. ,Yksilö,20,85,48,55,65,55,80,98,45,35,55,65,80,55,45,70,35,80,70,65,25,55,45,55,35,20,95,40,75,52
229,2021/01/06 3:02:33 ip. UTC+2,JohSuo,Yksilö,85,20,92,30,65,30,25,78,89,88,93,45,79,56,43,34,32,64,83,67,24,87,57,34,15,47,34,67,87,23
230,2021/01/06 3:04:37 ip. UTC+2,ToukoA,Yksilö,10,80,60,50,50,100,50,80,0,60,80,90,90,5,0,0,0,80,50,50,20,70,0,20,10,10,100,20,50,80
231,2021/01/06 3:10:57 ip. UTC+2,SanteriO,Yksilö,0,100,100,100,0,100,100,100,0,100,0,0,0,50,100,0,0,0,0,100,0,100,0,0,0,100,100,0,0,0
232,2021/01/06 3:18:18 ip. UTC+2,Pikku-Lotta,Yksilö,30,20,30,50,60,80,5,75,60,40,40,70,50,40,20,40,20,70,80,60,30,30,40,40,5,60,80,1,20,70
233,2021/01/06 3:26:11 ip. UTC+2,Mari Miikkulainen,Yksilö,70,90,90,20,70,60,20,100,0,80,90,80,80,80,20,70,70,90,80,0,10,80,90,60,10,80,80,40,50,0
234,2021/01/06 3:31:28 ip. UTC+2,Aleksanteri Gustafsson,Yksilö,0,75,50,45,30,75,0,75,0,50,15,50,60,90,0,0,0,50,50,25,0,75,15,50,100,100,100,0,100,75
235,2021/01/06 3:42:47 ip. UTC+2,Vesasan,Yksilö,75,100,75,25,75,25,75,100,100,80,75,90,80,25,0,80,20,25,100,90,0,90,60,75,85,75,NA,0,0,0
236,2021/01/06 3:45:03 ip. UTC+2,s0mppa,Yksilö,50,30,60,30,60,60,100,100,50,100,20,100,100,10,0,0,25,100,80,10,30,100,100,100,50,100,100,50,50,80
237,2021/01/06 4:18:36 ip. UTC+2,meppi,Yksilö,40,20,80,80,90,50,0,100,50,80,60,80,90,50,0,40,20,60,70,80,0,60,50,90,0,80,10,30,10,80
238,2021/01/06 4:23:56 ip. UTC+2,Kati Systä,Yksilö,75,100,75,75,100,75,25,100,100,25,50,60,45,35,0,25,25,75,45,80,35,0,80,80,25,80,80,50,60,20
239,2021/01/06 4:37:41 ip. UTC+2,annim,Yksilö,10,10,50,40,40,90,30,100,100,80,100,75,75,50,5,0,50,50,100,95,40,80,90,90,5,90,95,80,75,95
240,2021/01/06 4:40:59 ip. UTC+2,Dock,Yksilö,90,0,75,80,75,60,40,80,85,68,70,60,80,50,20,35,89,60,70,45,15,55,70,65,70,78,80,68,78,45
241,2021/01/06 4:57:19 ip. UTC+2,Markus D,Yksilö,15,30,50,40,60,60,70,80,20,50,60,70,70,35,50,60,15,60,15,75,15,50,35,75,30,40,55,5,20,70
242,2021/01/06 5:00:50 ip. UTC+2,Klaavu,Ryhmä,30,100,70,75,50,60,30,100,10,90,85,80,80,90,15,10,100,50,80,30,20,80,90,90,75,60,100,70,90,80
243,2021/01/06 5:15:34 ip. UTC+2,Manageri,Yksilö,20,90,80,10,75,80,75,100,50,90,100,100,100,75,20,100,0,20,100,30,0,15,90,20,80,90,75,5,5,95
244,2021/01/06 5:19:29 ip. UTC+2,Jaakko Uotila,Yksilö,0,100,60,80,80,100,100,100,20,80,80,80,80,50,30,0,0,100,70,90,20,20,80,80,0,100,100,80,30,0
245,2021/01/06 5:31:49 ip. UTC+2,Hanna Hannus,Yksilö,20,30,90,35,75,95,95,90,80,55,60,50,30,35,15,87,40,90,10,60,60,30,80,90,70,NA,90,NA,NA,NA
246,2021/01/06 5:39:11 ip. UTC+2,JukkaO,Yksilö,30,85,77,25,85,100,100,100,85,85,25,86,86,35,87,66,1,50,85,90,50,87,25,90,13,89,100,45,25,89
247,2021/01/06 5:48:17 ip. UTC+2,Zemppa,Yksilö,20,80,70,30,20,15,15,70,30,80,20,85,85,15,45,15,10,75,90,30,15,15,20,10,15,20,85,15,40,20
248,2021/01/06 5:57:12 ip. UTC+2,Eeva,Yksilö,20,90,55,45,35,20,50,95,60,70,80,85,65,70,5,30,15,65,90,95,70,30,85,70,50,65,65,30,40,60
249,2021/01/06 5:58:26 ip. UTC+2,Samie,Yksilö,20,40,70,80,55,55,70,90,60,55,70,65,70,60,45,30,10,80,65,65,45,65,60,30,20,30,70,10,40,45
250,2021/01/06 6:06:10 ip. UTC+2,Macro12,Yksilö,65,70,45,30,55,70,40,75,35,60,80,80,90,55,15,40,40,40,30,45,70,60,90,5,5,60,100,5,100,90
251,2021/01/06 6:12:37 ip. UTC+2,Marko Hartama,Yksilö,15,20,35,90,0,40,10,30,5,55,5,75,80,70,5,85,5,90,80,85,75,30,10,80,20,55,95,5,10,15
252,2021/01/06 6:13:19 ip. UTC+2,Kaisa Koo,Yksilö,10,100,85,35,70,90,90,95,70,60,75,85,20,40,5,85,95,45,99,85,99,10,20,99,15,80,80,99,99,10
253,2021/01/06 6:15:46 ip. UTC+2,Jaakko Stenhäll ,Yksilö,25,75,75,30,75,75,30,75,50,75,75,75,75,50,25,40,60,75,40,30,75,40,60,90,75,75,75,50,75,75
254,2021/01/06 6:17:20 ip. UTC+2,EetuOskari,Yksilö,0,100,0,100,75,0,100,100,0,100,0,100,100,100,80,100,0,75,100,0,0,10,0,0,15,100,100,0,0,100
255,2021/01/06 6:17:39 ip. UTC+2,Ananasakäämä,Yksilö,80,0,30,40,90,100,30,80,80,60,30,30,40,50,60,20,20,80,40,30,30,20,20,80,70,90,90,10,20,30
256,2021/01/06 6:26:21 ip. UTC+2,Oman elämäni pyöreä pöytä,Ryhmä,0,0,100,100,100,100,75,100,100,0,100,100,100,100,100,0,0,100,100,50,0,30,50,0,80,50,100,65,0,100
257,2021/01/06 6:45:06 ip. UTC+2,Aleksil,Yksilö,10,90,80,30,70,55,30,85,40,90,60,40,60,30,60,20,60,80,60,30,10,20,60,60,60,40,90,60,60,69
258,2021/01/06 6:46:16 ip. UTC+2,Jaska,Yksilö,10,10,50,25,75,50,50,90,75,75,80,80,80,NA,20,50,60,75,25,30,25,75,60,40,30,80,60,25,10,25
259,2021/01/06 6:50:53 ip. UTC+2,Petro T,Yksilö,20,70,50,30,70,30,15,90,65,80,50,40,55,50,70,30,50,60,80,45,20,40,90,75,80,40,95,60,90,80
260,2021/01/06 7:03:54 ip. UTC+2,Oskari O,Yksilö,77,70,23,20,90,50,10,98,80,3,95,85,90,40,80,15,5,90,50,98,10,15,95,6,90,18,100,10,50,100
261,2021/01/06 7:06:30 ip. UTC+2,Robert Siipola,Yksilö,15,60,20,40,60,60,60,80,60,60,70,80,70,60,70,60,20,70,50,70,55,30,60,70,80,15,90,40,70,60
262,2021/01/06 7:09:19 ip. UTC+2,Timo-Sakari,Yksilö,40,10,51,35,20,60,40,85,35,40,70,70,80,20,55,40,30,51,90,40,99,90,90,51,10,25,55,5,10,20
263,2021/01/06 7:21:39 ip. UTC+2,Jarnov,Yksilö,1,15,49,5,25,76,89,5,79,90,85,98,98,12,15,45,89,56,78,98,98,5,35,38,10,12,100,12,80,10
264,2021/01/06 7:26:19 ip. UTC+2,Tapio,Yksilö,30,60,60,40,60,70,30,100,0,60,80,80,80,20,20,20,20,20,80,80,0,0,20,70,0,0,100,0,0,20
265,2021/01/06 7:47:55 ip. UTC+2,Jussi Elo,Yksilö,30,40,80,70,90,25,5,95,35,95,90,85,90,70,60,60,65,35,70,35,86,0,25,0,20,60,97,0,7,65
266,2021/01/06 7:49:10 ip. UTC+2,Elämäntapainsinööri,Yksilö,0,100,100,0,0,0,0,100,100,0,0,100,100,0,0,0,0,100,0,100,100,100,0,0,100,100,100,0,100,0
267,2021/01/06 7:49:48 ip. UTC+2,Jarkko,Yksilö,100,63,73,41,100,100,74,95,25,90,0,17,25,55,20,15,17,55,0,100,40,100,75,30,10,75,75,25,80,0
268,2021/01/06 7:54:16 ip. UTC+2,Miami_M,Yksilö,25,30,50,50,70,70,80,90,80,65,75,80,90,50,50,25,20,50,50,50,20,50,40,10,25,60,85,15,70,60
269,2021/01/06 7:57:04 ip. UTC+2,hmm,Yksilö,0,90,70,20,60,80,70,90,80,70,80,90,90,50,70,80,5,70,70,30,20,40,10,40,5,5,70,5,10,30
270,2021/01/06 7:58:12 ip. UTC+2,ajp,Yksilö,95,2,25,100,5,90,100,100,0,0,0,0,90,80,80,80,0,80,0,40,5,20,95,80,80,80,80,10,60,90
271,2021/01/06 8:02:52 ip. UTC+2,Gurmann Saini,Yksilö,50,50,80,0,0,90,0,100,100,100,40,99,90,100,10,40,0,20,100,20,0,50,100,100,0,100,100,50,100,0
272,2021/01/06 8:03:52 ip. UTC+2,Ysg,Yksilö,0,100,0,0,0,100,0,100,0,0,100,100,100,100,100,100,0,100,0,0,0,100,0,100,100,100,100,100,0,0
273,2021/01/06 8:05:38 ip. UTC+2,donPovero,Yksilö,30,90,50,40,50,100,100,100,100,80,90,100,100,50,50,70,80,100,100,50,0,100,100,100,50,100,100,50,50,NA
274,2021/01/06 8:12:30 ip. UTC+2,EMW,Yksilö,75,50,0,60,50,50,75,88,75,60,80,85,80,50,55,35,15,90,89,50,61,50,50,61,70,45,100,60,50,35
275,2021/01/06 8:13:20 ip. UTC+2,Markku,Yksilö,100,0,100,0,0,100,100,100,100,0,0,0,0,100,0,100,0,0,0,100,100,100,100,0,100,100,100,100,100,0
276,2021/01/06 8:14:02 ip. UTC+2,Arpo,Yksilö,100,0,30,25,10,0,15,0,0,10,40,30,40,60,70,0,0,60,20,10,90,10,39,10,80,100,100,80,10,0
277,2021/01/06 8:14:30 ip. UTC+2,Crapboat,Yksilö,75,75,0,0,100,100,75,100,100,85,0,30,30,100,35,0,0,100,100,30,0,50,100,50,0,100,100,0,100,50
278,2021/01/06 8:14:49 ip. UTC+2,Pah82,Yksilö,99,85,15,50,75,60,95,85,65,90,15,30,30,50,90,20,5,80,40,20,10,10,30,10,60,80,90,10,20,10
279,2021/01/06 8:15:42 ip. UTC+2,Elias H.,Yksilö,0,100,35,50,70,90,100,100,60,10,90,100,100,82,85,88,15,89,96,84,7,30,18,15,85,50,88,93,4,95
280,2021/01/06 8:16:24 ip. UTC+2,Madame Fifi,Yksilö,70,80,90,50,20,10,5,99,40,80,70,60,40,60,20,30,70,25,70,65,55,80,65,35,15,60,70,30,45,25
281,2021/01/06 8:16:57 ip. UTC+2,Tabispanda,Yksilö,20,1,55,0,90,55,40,99,90,75,90,90,90,40,10,28,1,60,65,10,80,60,75,50,60,50,100,40,75,0
282,2021/01/06 8:17:16 ip. UTC+2,Petri Mutka,Yksilö,90,21,30,60,80,60,20,90,30,70,60,70,70,70,5,10,5,80,70,30,70,80,80,80,90,90,90,30,30,10
283,2021/01/06 8:26:57 ip. UTC+2,AR,Yksilö,10,0,80,30,60,90,40,100,80,100,100,100,100,50,20,0,0,80,60,50,20,NA,NA,NA,NA,NA,NA,0,NA,NA
284,2021/01/06 8:29:21 ip. UTC+2,Toisinaanajattelija,Yksilö,80,30,40,60,75,80,30,85,30,60,75,60,70,90,40,30,40,35,70,65,30,65,85,40,30,70,75,65,95,40
285,2021/01/06 8:29:35 ip. UTC+2,Lauri Miikkulainen,Yksilö,10,90,30,70,70,80,90,100,90,30,80,70,80,50,70,70,10,90,70,100,10,40,0,70,0,70,100,0,60,30
286,2021/01/06 8:30:46 ip. UTC+2,Liįina,Yksilö,10,90,90,30,75,60,35,95,85,75,NA,NA,NA,NA,25,70,25,NA,90,NA,60,35,65,50,5,NA,50,NA,NA,70
287,2021/01/06 8:34:02 ip. UTC+2,Annamannak ,Yksilö,10,65,30,55,85,10,15,70,50,60,70,65,65,55,10,15,65,75,75,75,30,65,10,25,5,75,40,25,10,15
288,2021/01/06 8:37:17 ip. UTC+2,Räty,Yksilö,92,78,74,92,74,43,37,89,87,62,54,37,51,47,7,43,37,51,89,68,94,87,94,38,2,61,84,34,56,18
289,2021/01/06 8:37:38 ip. UTC+2,PiaThomas,Ryhmä,20,75,62,75,60,80,100,80,40,90,70,40,80,75,30,35,15,85,10,80,60,40,75,60,75,90,90,80,0,10
290,2021/01/06 8:37:48 ip. UTC+2,Kimmo Kyrölä,Yksilö,20,30,80,30,80,80,80,80,70,30,80,80,80,70,20,70,70,90,80,70,30,20,20,30,0,20,20,20,10,70
291,2021/01/06 8:38:10 ip. UTC+2,Timo M.,Yksilö,60,90,80,80,90,60,60,100,50,60,80,90,100,30,50,80,30,50,30,100,50,20,20,60,0,30,80,50,70,100
292,2021/01/06 8:38:27 ip. UTC+2,Nanu,Yksilö,0,80,70,60,80,10,15,100,0,15,70,30,80,90,0,10,12,70,100,60,10,100,100,100,0,100,100,0,0,0
293,2021/01/06 8:41:11 ip. UTC+2,Antti Mattila,Yksilö,19,15,64.5,58.5,63.7,31.5,76.2,60.6,64.9,76.2,27.8,36.7,32.6,66.5,18.1,22.3,3.3,62.8,66.6,75.8,3.2,20.7,10.3,5.5,75.5,60.4,95.8,30.4,89.8,88.9
294,2021/01/06 8:41:41 ip. UTC+2,Paula,Yksilö,87,88,97,100,87,67,64,100,100,100,88,88,98,90,34,45,45,56,45,59,100,100,88,20,20,40,100,78,100,60
295,2021/01/06 8:42:20 ip. UTC+2,cacmac,Yksilö,60,96,11,88,91,97,25,95,67,82,27,79,40,50,22,61,1,68,80,33,25,20,11,9,70,82,86,33,24,5
296,2021/01/06 8:44:07 ip. UTC+2,AnttiK,Yksilö,25,20,88,70,66,80,90,95,44,70,80,90,90,50,15,66,25,75,66,33,50,25,90,55,66,36,100,25,15,95
297,2021/01/06 8:44:21 ip. UTC+2,Kisu,Yksilö,100,25,65,95,8,75,5,95,15,75,65,75,75,35,10,20,3,65,90,75,3,25,90,65,0,80,25,95,15,5
298,2021/01/06 8:45:03 ip. UTC+2,Lario,Yksilö,85,5,15,15,90,40,50,100,0,100,40,100,100,50,100,30,0,100,0,0,100,0,100,50,50,100,100,0,0,100
299,2021/01/06 8:45:13 ip. UTC+2,Kehvo Räimä,Yksilö,0,20,40,80,90,70,20,80,90,40,40,30,20,60,20,10,30,80,75,80,15,80,10,80,20,85,30,20,30,20
300,2021/01/06 8:45:34 ip. UTC+2,nukeboy,Yksilö,7,5,96,87,100,99,92,100,100,100,90,95,92,100,10,91,50,90,95,100,0,60,100,90,10,100,100,90,100,50
301,2021/01/06 8:48:11 ip. UTC+2,Sallamaari,Yksilö,21,10,69,60,92,78,74,90,45,53,92,84,79,52,18,25,38,66,35,22,43,43,75,59,8,25,46,69,30,35
302,2021/01/06 8:55:15 ip. UTC+2,Hanu,Yksilö,0,100,0,0,0,0,0,NA,0,0,0,0,0,0,0,1,0,1,0,0,1,0,0,0,0,0,0,0,0,0
303,2021/01/06 8:55:36 ip. UTC+2,FF,Yksilö,15,77,44,56,72,89,100,100,45,65,99,100,100,34,27,12,5,45,77,44,0,0,0,0,33,12,89,0,12,0
304,2021/01/06 8:57:01 ip. UTC+2,Yrittaja64,Yksilö,10,95,50,100,85,100,90,90,50,0,10,100,90,70,90,10,0,90,100,40,0,20,30,50,0,0,100,0,90,35
305,2021/01/06 9:14:50 ip. UTC+2,Simo A.,Yksilö,30,80,65,75,65,80,60,90,70,65,70,70,70,60,35,40,20,75,45,70,30,20,25,10,35,5,70,10,25,35
306,2021/01/06 9:19:42 ip. UTC+2,±±+++++ Fifty-Fifty !! ±++++++,Yksilö,50,50,50,50,50,50,50,50,50,50,50,50,50,50,50,50,50,50,50,50,50,50,50,50,50,50,50,50,50,50
307,2021/01/06 9:26:33 ip. UTC+2,AP,Yksilö,25,70,25,60,85,85,30,75,75,70,20,75,90,50,20,15,10,10,20,80,30,10,20,20,10,0,80,0,10,10
308,2021/01/06 9:27:50 ip. UTC+2,Marko Marjamaa,Yksilö,10,10,90,15,50,50,75,95,95,25,80,90,90,25,80,75,15,50,90,75,25,50,50,50,25,25,100,25,50,75
309,2021/01/06 9:28:54 ip. UTC+2,(m)ertsi,Yksilö,38,79,30,80,6,30,74,84,79,35,70,84,72,68,37,30,45,84,90,68,75,50,68,67,75,75,79,34,77,31
310,2021/01/06 9:34:21 ip. UTC+2,Tapio Pohjalainen,Yksilö,20,90,50,90,30,80,30,80,50,85,90,85,95,85,5,95,50,100,82,10,38,5,85,15,10,10,95,90,80,10
311,2021/01/06 9:34:53 ip. UTC+2,Toven ystävät,Ryhmä,25,0,75,25,85,60,80,95,60,75,35,35,35,50,0,0,0,75,90,65,70,20,85,0,50,50,100,0,100,80
312,2021/01/06 9:35:34 ip. UTC+2,Vihreavelho,Yksilö,95,5,20,10,70,10,70,100,0,80,15,80,30,30,80,75,0,70,90,95,100,95,100,5,90,10,95,5,0,100
313,2021/01/06 9:40:40 ip. UTC+2,ZeiP,Yksilö,20,80,70,40,95,35,1,98,40,95,95,95,95,70,60,80,60,15,90,20,90,20,15,0,20,60,99,0,25,85
314,2021/01/06 9:42:43 ip. UTC+2,Sitrusiaanit,Ryhmä,25,52,78,52,88,30,6,95,37,93,88,88,92,68,67,67,60,25,75,40,74,8,17,0,20,60,97,0,14,78
315,2021/01/06 9:44:10 ip. UTC+2,KoSa,Ryhmä,30,10,60,70,80,20,45,90,70,60,80,70,90,60,10,45,10,80,75,80,20,20,30,10,30,30,75,20,30,80
316,2021/01/06 9:44:43 ip. UTC+2,yatzy,Yksilö,0.3,0.6,0.3,0.4,0.6,0.6,0.7,0.7,0.7,0.6,0.7,0.7,0.7,0.5,0.5,0.7,0,0.6,0.4,0.6,0.2,0.1,0.3,0.2,0.3,0.2,0.7,0.2,0.2,0.6
317,2021/01/06 9:52:27 ip. UTC+2,Juuso Rusanen,Yksilö,65,15,35,40,65,25,30,87,80,70,65,65,80,25,25,20,20,30,80,85,20,15,20,25,3,70,70,10,35,85
318,2021/01/06 9:57:10 ip. UTC+2,Wilppyne,Yksilö,5,10,70,20,90,75,65,85,90,85,70,70,80,80,10,85,50,80,95,10,20,60,70,10,90,10,100,80,90,0
319,2021/01/06 10:09:45 ip. UTC+2,Jyri,Yksilö,45,0,40,50,25,75,0,100,25,55,50,100,100,50,25,0,75,100,55,75,0,0,90,0,10,80,100,0,60,50
320,2021/01/06 10:10:50 ip. UTC+2,vnsk,Yksilö,13,73,33,24,83,57,82,85,41,66,78,76,56,85,92,28,41,83,86,71,82,62,71,34,28,48,81,0,10,24
321,2021/01/06 10:11:17 ip. UTC+2,Prof. Nils Bohr,Yksilö,20,80,75,48,68,70,45,92,85,60,73,70,85,30,45,61,6,76,72,75,45,60,60,12,35,20,80,5,70,70
322,2021/01/06 10:11:24 ip. UTC+2,Samuli Lintula,Yksilö,80,30,75,35,75,95,90,98,60,70,70,95,90,60,10,30,10,40,30,75,50,30,50,5,10,20,40,0,0,100
323,2021/01/06 10:11:37 ip. UTC+2,Anni Heinälä,Yksilö,30,80,67,44,68,72,45,88,80,58,56,62,61,42,72,35,10,70,58,65,55,45,45,30,35,35,70,20,30,60
324,2021/01/06 10:12:02 ip. UTC+2,Jonni L,Yksilö,40,90,70,40,95,20,20,90,45,66,95,85,66,55,55,70,20,80,70,80,30,25,50,80,80,95,100,40,75,80
325,2021/01/06 10:15:52 ip. UTC+2,JP1,Yksilö,5,20,5,70,100,30,5,65,10,10,15,80,70,20,0,90,10,5,0,20,60,1,80,50,80,80,60,1,10,20
326,2021/01/06 10:16:15 ip. UTC+2,Eemeli Q,Yksilö,30,40,45,25,60,85,65,90,90,65,70,68,85,25,65,25,25,5,89,62,20,NA,NA,NA,NA,NA,NA,NA,NA,NA
327,2021/01/06 10:18:02 ip. UTC+2,Aamiainen,Yksilö,85,40,55,95,65,60,20,90,40,70,80,70,70,60,40,35,80,55,80,20,60,40,60,80,35,80,90,85,45,35
328,2021/01/06 10:19:50 ip. UTC+2,seya ,Yksilö,90,5,50,50,80,60,15,90,80,70,80,40,30,70,30,20,80,80,85,70,15,90,80,80,10,20,70,30,50,15
329,2021/01/06 10:22:31 ip. UTC+2,JakkeK,Yksilö,85,20,20,70,15,35,10,87,80,85,60,40,60,60,55,35,65,90,80,75,80,70,70,30,25,69,80,75,55,30
330,2021/01/06 10:24:04 ip. UTC+2,Trelawney,Ryhmä,25,80,71,46,68,71,42.5,90,82.5,59,65.5,66,73,36,55.5,50,7.5,73,65,70,50,52.5,52.5,25,35,27.5,75,12.5,50,65
331,2021/01/06 10:30:16 ip. UTC+2,Joonas Y,Yksilö,0,100,100,100,100,0,100,100,0,100,0,100,100,100,0,0,0,100,0,100,0,0,0,0,0,0,100,0,0,0
332,2021/01/06 10:34:08 ip. UTC+2,Vesku,Yksilö,35,28,72,12,68,74,82,85,47,78,14,22,32,70,82,44,18,68,80,84,12,74,66,8,16,40,67,24,18,72
333,2021/01/06 10:38:36 ip. UTC+2,VeliL,Yksilö,60,15,60,45,75,60,75,75,55,40,60,60,70,30,65,40,20,65,55,60,20,20,70,35,10,60,75,40,30,25
334,2021/01/06 10:39:29 ip. UTC+2,Jari Kostama,Yksilö,30,10,80,85,60,70,40,75,70,65,15,20,15,50,100,40,5,20,30,75,25,30,60,65,0,100,75,15,0,30
335,2021/01/06 10:40:40 ip. UTC+2,Martti.,Yksilö,65,80,40,75,65,65,33,40,25,40,75,75,75,75,80,33,33,25,80,75,60,33,75,20,10,30,80,33,70,25
336,2021/01/06 10:43:09 ip. UTC+2,Miksu,Yksilö,81,64,40,15,100,74,21,100,64,35,65,87,67,100,24,79,58,83,24,79,23,87,NA,4,18,87,85,90,65,89
337,2021/01/06 10:46:20 ip. UTC+2,UkkRam,Yksilö,20,15,90,90,85,60,100,100,50,90,90,90,95,40,80,60,60,70,100,100,30,70,50,100,50,85,85,50,30,10
338,2021/01/06 10:50:11 ip. UTC+2,Ats48,Yksilö,10,90,30,20,30,80,90,90,80,80,80,80,80,70,80,40,0,20,80,80,70,70,20,10,10,30,30,20,10,30
339,2021/01/06 10:59:47 ip. UTC+2,Iltzu,Yksilö,50,70,50,25,80,NA,29,100,40,50,70,60,60,70,15,40,20,80,50,50,50,30,10,70,10,80,80,10,60,60
340,2021/01/06 11:02:11 ip. UTC+2,Mattijuhani,Yksilö,0,0,100,100,100,100,100,100,100,100,0,0,0,0,0,0,0,100,100,100,100,0,100,0,100,0,100,0,100,0
341,2021/01/06 11:05:55 ip. UTC+2,JussiH veikkaa,Yksilö,10,90,75,85,60,70,60,90,50,80,80,80,90,80,75,35,10,75,70,60,50,50,50,40,70,75,90,70,70,75
342,2021/01/06 11:06:48 ip. UTC+2,tekonen,Yksilö,15,20,50,55,60,45,15,95,85,70,20,80,50,50,65,5,60,90,70,70,20,NA,NA,NA,NA,NA,NA,NA,NA,NA
343,2021/01/06 11:07:56 ip. UTC+2,Niklas S,Yksilö,45,70,40,NA,60,60,40,85,65,40,85,70,70,30,20,35,8,55,55,65,40,35,33,55,15,NA,65,25,45,65
344,2021/01/06 11:08:06 ip. UTC+2,Martti Anttila,Yksilö,25,75,100,50,75,25,25,100,75,75,75,75,75,50,75,0,25,75,75,25,25,25,75,75,25,75,0,0,25,25
345,2021/01/06 11:14:51 ip. UTC+2,Kride,Yksilö,0,0,90,20,0,100,35,90,20,0,0,90,30,50,0,0,0,99,99,99,99,0,99,0,0,99,99,0,0,0
346,2021/01/06 11:17:10 ip. UTC+2,Raivo-Heikki,Yksilö,55,60,75,40,75,60,70,80,70,35,65,60,70,60,50,30,30,65,60,65,30,30,75,30,35,20,75,20,15,75
347,2021/01/06 11:17:49 ip. UTC+2,TXMatti,Yksilö,0,0,60,60,30,80,30,100,100,90,60,40,100,70,70,0,0,60,100,100,30,100,100,60,20,20,80,20,60,60
348,2021/01/06 11:19:24 ip. UTC+2,Mirka Mäkelä,Yksilö,12,30,82,69,60,80,80,90,75,63,70,85,80,40,35,45,25,48,80,75,30,20,35,12,10,50,90,75,10,65
349,2021/01/06 11:20:50 ip. UTC+2,kaheja,Yksilö,85,30,80,80,100,50,90,90,60,90,70,75,70,60,60,30,20,70,90,70,40,60,50,10,10,25,30,20,10,40
350,2021/01/06 11:21:09 ip. UTC+2,Qtee,Yksilö,30,20,80,70,20,50,30,100,80,80,70,60,50,60,40,60,20,70,70,70,90,NA,NA,NA,NA,NA,NA,NA,NA,NA
351,2021/01/06 11:21:48 ip. UTC+2,Riku Merikoski,Yksilö,25,20,70,30,80,70,70,90,75,60,75,85,90,40,20,20,20,20,90,90,70,25,32,3,12,60,92,35,80,60
352,2021/01/06 11:29:11 ip. UTC+2,Ilo,Yksilö,60,90,50,100,100,100,30,100,100,25,40,20,70,50,50,60,10,80,100,70,100,20,20,20,20,40,60,70,100,60
353,2021/01/06 11:30:19 ip. UTC+2,JJ & TS,Ryhmä,33,10,85,45,70,35,25,90,30,55,45,25,50,66,50,10,10,55,30,5,33,65,90,10,45,85,45,0,10,95
354,2021/01/06 11:31:03 ip. UTC+2,Rubicon,Yksilö,0,20,95,90,85,80,98,100,85,80,10,95,100,90,80,40,35,90,90,90,80,30,70,0,25,30,70,40,5,20
355,2021/01/06 11:31:24 ip. UTC+2,Holomax,Yksilö,15,8,23,15,63,57,68,66,85,72,79,97,93,59,43,6,13,87,43,64,74,NA,17,16,21,33,88,7,23,8
356,2021/01/06 11:31:48 ip. UTC+2,Lauri Kosonen,Yksilö,70,20,90,10,70,50,30,90,90,60,40,40,50,50,0,0,30,100,100,20,10,80,100,100,100,80,100,100,100,100
357,2021/01/06 11:32:20 ip. UTC+2,Mikko Rainio,Yksilö,15,85,70,75,25,70,65,95,55,75,65,65,65,65,45,35,25,35,85,65,35,35,25,20,15,75,85,10,75,15
358,2021/01/06 11:35:21 ip. UTC+2,Jussi Hölttä,Yksilö,80,35,60,50,100,45,33,100,50,77,35,66,55,66,60,2,77,96,44,33,45,75,66,100,66,100,100,0,15,0
359,2021/01/06 11:37:26 ip. UTC+2,RMJ,Yksilö,60,65,85,40,35,70,55,95,70,25,60,50,65,15,10,40,25,30,60,75,20,30,40,30,60,60,100,40,80,40
360,2021/01/06 11:39:30 ip. UTC+2,Jonas,Yksilö,100,100,100,0,100,100,0,100,0,0,100,100,100,100,100,0,60,100,100,0,100,100,100,0,100,100,100,100,0,100
361,2021/01/06 11:41:31 ip. UTC+2,EHP,Yksilö,65,60,75,50,60,60,70,90,80,60,70,70,70,65,40,30,30,70,60,40,20,60,30,50,30,50,40,70,65,40
362,2021/01/06 11:46:54 ip. UTC+2,Veikko,Yksilö,25,80,75,50,51,80,60,90,20,75,50,75,75,50,75,65,50,75,80,95,30,75,20,20,1,1,80,1,65,80
363,2021/01/06 11:48:59 ip. UTC+2,Karri Karsi ,Yksilö,13,21,66,32,18,77,17,82,8,68,87,78,87,77,21,21,16,89,11,79,11,18,67,23,12,11,21,78,1,4
364,2021/01/06 11:50:39 ip. UTC+2,Juha88,Yksilö,10,10,70,70,30,10,80,90,80,20,70,80,80,70,10,20,70,25,90,5,20,70,20,40,0,20,30,20,0,0
365,2021/01/06 11:50:52 ip. UTC+2,Paavali,Yksilö,17,70,58,78,65,90,80,95,40,59,55,85,98,20,92,13,11,75,89,77,10,45,12,35,7,38,75,2,15,80
366,2021/01/06 11:55:04 ip. UTC+2,Ilkka T.,Yksilö,25,65,77,40,72,75,75,85,45,40,65,77,95,55,63,72,19,77,75,80,10,33,60,50,25,20,25,4,30,25
367,2021/01/06 11:58:22 ip. UTC+2,Arto M.,Yksilö,25,100,25,20,90,90,85,90,90,80,80,90,90,70,0,25,15,90,80,100,10,30,10,75,10,25,90,2,5,90
368,2021/01/06 11:58:25 ip. UTC+2,jck,Yksilö,15,70,80,50,90,80,80,85,40,75,80,80,80,75,25,20,30,25,80,80,40,70,80,10,80,50,85,70,75,70
369,2021/01/06 11:58:27 ip. UTC+2,Jonas and co,Ryhmä,25,30,83,60,93,95,85,95,35,85,75,100,100,20,95,75,10,95,50,10,20,NA,NA,NA,NA,NA,NA,NA,NA,NA
370,2021/01/06 11:58:54 ip. UTC+2,Annica,Yksilö,75,0,90,20,100,90,25,100,0,50,15,75,0,50,20,50,10,50,100,0,50,NA,NA,NA,NA,NA,NA,NA,NA,NA
371,2021/01/06 11:59:38 ip. UTC+2,Lukkeboi,Yksilö,60,20,35,35,60,80,10,90,NA,NA,NA,NA,NA,NA,5,NA,NA,NA,NA,NA,NA,NA,NA,NA,NA,NA,NA,NA,NA,NA
372,2021/01/07 12:28:43 ap. UTC+2,Paavali,Yksilö,17,80,58,78,65,90,85,95,40,59,55,85,98,20,92,13,11,75,89,77,10,45,14,35,8,30,75,2,15,80
373,2021/01/07 3:37:56 ap. UTC+2,Big Ant Ranch,Yksilö,88,88,48,88,37,43,0,78,67,70,80,57,94,76,25,42,50,50,98,98,98,85,88,90,12,22,99,67,38,100